{
  "version": 1,
  "author": "Akash kumar",
  "editor": "wokwi",
  "parts": [
    { "type": "wokwi-arduino-uno", "id": "uno", "top": 0, "left": 0, "attrs": {} },
    { "type": "wokwi-potentiometer", "id": "pot1", "top": -20.5, "left": -105.8, "attrs": {} },
    { "type": "wokwi-led", "id": "led1", "top": -70.8, "left": 3.8, "attrs": { "color": "red" } },
    {
      "type": "wokwi-resistor",
      "id": "r1",
      "top": -63.25,
      "left": 86.4,
      "attrs": { "value": "1000" }
    },
    {
      "type": "wokwi-lcd1602",
      "id": "lcd1",
      "top": 25.6,
      "left": 312.8,
      "attrs": { "pins": "i2c" }
    }
  ],
  "connections": [
    [ "pot1:VCC", "uno:5V", "red", [ "v163.2", "h220" ] ],
    [ "pot1:GND", "uno:GND.1", "black", [ "v38.4", "h163.2" ] ],
    [ "pot1:SIG", "uno:A0", "green", [ "v182.4", "h268.4" ] ],
    [ "led1:A", "r1:1", "red", [ "v0", "h57.6" ] ],
    [ "r1:2", "uno:9", "red", [ "v0", "h85.2" ] ],
    [ "led1:C", "uno:GND.1", "black", [ "v19.2", "h86.8" ] ],
    [ "lcd1:VCC", "uno:5V", "red", [ "h0" ] ],
    [ "lcd1:GND", "uno:GND.1", "black", [ "h0" ] ],
    [ "lcd1:SDA", "uno:A4", "green", [ "h0" ] ],
    [ "lcd1:SCL", "uno:A5", "green", [ "h0" ] ]
  ],
  "dependencies": {}
}