{
  "version": 1,
  "author": "Akash kumar",
  "editor": "wokwi",
  "parts": [
    { "type": "wokwi-arduino-uno", "id": "uno", "top": 0.6, "left": -0.6, "attrs": {} },
    {
      "type": "wokwi-led",
      "id": "led1",
      "top": -51.6,
      "left": -101.8,
      "attrs": { "color": "red" }
    },
    {
      "type": "wokwi-pushbutton-6mm",
      "id": "btn1",
      "top": 65,
      "left": -86.4,
      "attrs": { "color": "green" }
    },
    {
      "type": "wokwi-resistor",
      "id": "r1",
      "top": 167.15,
      "left": -86.4,
      "attrs": { "value": "1000" }
    }
  ],
  "connections": [
    [ "led1:A", "uno:13", "red", [ "v-28.8", "h201.6" ] ],
    [ "led1:C", "uno:GND.1", "black", [ "v48", "h202" ] ],
    [ "r1:2", "uno:GND.1", "black", [ "v0", "h142.8" ] ],
    [ "btn1:1.l", "uno:2", "green", [ "h-38.4", "v-163.2", "h326.4" ] ],
    [ "btn1:2.l", "r1:1", "green", [ "h0" ] ],
    [ "btn1:2.r", "uno:5V", "green", [ "h39.2", "v163.6" ] ]
  ],
  "dependencies": {}
}