{
  "version": 1,
  "author": "Akash kumar",
  "editor": "wokwi",
  "parts": [
    { "type": "wokwi-arduino-uno", "id": "uno", "top": 0, "left": 0, "attrs": {} },
    { "type": "wokwi-dht22", "id": "dht1", "top": -57.3, "left": -101.4, "attrs": {} },
    {
      "type": "wokwi-resistor",
      "id": "r1",
      "top": 80.75,
      "left": 316.8,
      "attrs": { "value": "1000" }
    },
    {
      "type": "wokwi-lcd1602",
      "id": "lcd1",
      "top": -147.2,
      "left": 24.8,
      "attrs": { "pins": "i2c" }
    }
  ],
  "connections": [
    [ "dht1:VCC", "uno:5V", "red", [ "v192", "h240" ] ],
    [ "dht1:GND", "uno:GND.1", "black", [ "v0", "h172.8" ] ],
    [ "dht1:SDA", "uno:2", "green", [ "v28.8", "h316.9" ] ],
    [ "r1:1", "uno:2", "green", [ "v0", "h-86.4" ] ],
    [ "r1:2", "uno:5V", "red", [ "v76.8", "h-212.4" ] ],
    [ "lcd1:SDA", "uno:A4", "green", [ "h-38.4", "v326.6", "h259.2", "v9.6" ] ],
    [ "lcd1:SCL", "uno:A5", "green", [ "h-9.6", "v48.3", "h374.4", "v288", "h-134.4" ] ],
    [ "lcd1:VCC", "uno:5V", "red", [ "h-57.6", "v355.3", "h182.4" ] ],
    [ "lcd1:GND", "uno:GND.1", "black", [ "h-19.2", "v105.6", "h105.6" ] ]
  ],
  "dependencies": {}
}