{
  "version": 1,
  "author": "Akash kumar",
  "editor": "wokwi",
  "parts": [
    { "type": "wokwi-arduino-uno", "id": "uno", "top": 0.6, "left": -0.6, "attrs": {} },
    { "type": "wokwi-led", "id": "led1", "top": 6, "left": -92.2, "attrs": { "color": "red" } },
    { "type": "wokwi-potentiometer", "id": "pot1", "top": 104.3, "left": -96.2, "attrs": {} },
    {
      "type": "wokwi-resistor",
      "id": "r1",
      "top": -34.45,
      "left": -38.4,
      "attrs": { "value": "1000" }
    }
  ],
  "connections": [
    [ "led1:A", "r1:1", "red", [ "v0", "h19.2" ] ],
    [ "r1:2", "uno:9", "red", [ "v0", "h142.8" ] ],
    [ "led1:C", "uno:GND.1", "black", [ "v19.2", "h192.4" ] ],
    [ "pot1:SIG", "uno:A0", "green", [ "v48", "h268.4" ] ],
    [ "pot1:VCC", "uno:5V", "red", [ "v38.4", "h200.8" ] ],
    [ "pot1:GND", "uno:GND.1", "black", [ "v-76.8", "h182.4" ] ]
  ],
  "dependencies": {}
}